time_stamp,humidity,temperature,pm2.5_atm,pm10.0_atm,sensor_id
1701036000,26.534,75.0,2.5835,3.0090000000000003,108208
1700985600,24.0,73.0,4.035500000000001,4.6365,108208
1701014400,25.0,74.233,3.0309999999999997,3.501,108208
1700956800,24.0,73.767,4.832,5.618,108208
1700967600,24.0,73.034,6.0715,7.118,108208
1701003600,25.0,73.7,3.7385,4.3195,108208
1701028800,26.0,75.0,2.4139999999999997,2.873,108208
1700974800,24.0,73.0,5.7595,6.6555,108208
1701021600,25.3,74.966,2.7175000000000002,3.2135,108208
1701007200,25.0,74.0,3.4935,3.9925,108208
1700971200,24.0,73.0,6.0675,6.938000000000001,108208
1700964000,24.0,73.633,5.9275,6.7405,108208
1701018000,25.0,75.0,2.9265,3.4475,108208
1700992800,24.966,73.0,3.732,4.3665,108208
1701010800,25.0,73.966,3.309,3.8615,108208
1701025200,26.0,74.767,2.508,2.917,108208
1700960400,24.0,73.767,5.3715,6.223,108208
1700989200,24.534,72.534,3.8605,4.375,108208
1701032400,26.0,75.0,2.2905,2.6965,108208
1701000000,25.0,73.0,3.7525,4.3245000000000005,108208
1700982000,24.0,73.0,4.506,5.1850000000000005,108208
1700978400,24.0,73.0,5.133,5.8795,108208
1700996400,25.0,72.566,3.928,4.542,108208
1701039600,27.0,74.934,3.1624999999999996,3.7439999999999998,108208
1702090800,31.0,77.8,1.3199999999999998,1.7145000000000001,108208
1702083600,31.0,78.767,1.073,1.3735,108208
1702094400,31.0,78.0,1.0365,1.334,108208
1702080000,31.666,79.0,1.7694999999999999,2.2805,108208
1702087200,31.0,78.3,1.012,1.435,108208
1700755200,28.0,76.934,0.64,0.772,108208
1700697600,30.0,76.8,0.7969999999999999,1.0005,108208
1700758800,28.0,77.0,0.7464999999999999,0.938,108208
1700744400,28.0,76.767,0.39849999999999997,0.532,108208
1700730000,29.0,76.534,0.1525,0.275,108208
1700715600,29.966,77.0,0.6405000000000001,0.817,108208
1700769600,28.0,77.2,0.8049999999999999,1.0245,108208
1700776800,28.0,77.0,1.21,1.4849999999999999,108208
1700726400,29.0,77.0,0.23700000000000002,0.3375,108208
1700701200,30.0,77.0,0.844,1.0715,108208
1700773200,28.0,76.733,0.892,1.0835,108208
1700722800,29.0,77.0,0.2885,0.396,108208
1700737200,29.0,76.0,0.1515,0.22699999999999998,108208
1700762400,28.0,76.767,0.7525,0.9465,108208
1700733600,29.0,75.8,0.14400000000000002,0.223,108208
1700740800,28.334,76.633,0.2595,0.3685,108208
1700751600,28.0,77.0,0.5945,0.727,108208
1700780400,28.0,76.5,1.5270000000000001,1.7469999999999999,108208
1700704800,30.0,76.767,0.882,1.0665,108208
1700708400,30.0,77.0,0.8674999999999999,1.035,108208
1700712000,30.0,76.834,0.7625,0.9125,108208
1700748000,28.0,76.9,0.5734999999999999,0.7135,108208
1700766000,28.0,77.0,0.7969999999999999,1.053,108208
1700719200,29.133,76.767,0.5075000000000001,0.605,108208
1700665200,31.0,76.733,1.513,1.9505,108208
1700650800,31.0,76.0,1.7730000000000001,2.2285000000000004,108208
1700672400,31.0,77.0,1.222,1.494,108208
1700632800,32.0,76.0,0.417,0.6134999999999999,108208
1700614800,31.0,75.0,1.0059999999999998,1.284,108208
1700694000,30.0,76.8,0.8135,0.9944999999999999,108208
1700618400,31.0,75.4,0.8135,1.0459999999999998,108208
1700679600,30.533,76.8,1.0755,1.2985,108208
1700676000,31.0,77.0,1.153,1.4729999999999999,108208
1700629200,31.566,75.767,0.43,0.6295,108208
1700683200,30.0,77.0,0.9964999999999999,1.231,108208
1700640000,31.566,75.8,0.762,1.1055000000000001,108208
1700658000,31.0,76.0,1.8050000000000002,2.2065,108208
1700643600,31.0,75.9,1.025,1.437,108208
1700690400,30.0,76.8,0.729,1.0070000000000001,108208
1700686800,30.0,76.767,0.916,1.083,108208
1700625600,31.0,76.0,0.42900000000000005,0.6025,108208
1700636400,32.0,75.966,0.4865,0.6525000000000001,108208
1700668800,31.0,77.0,1.3965,1.752,108208
1700622000,31.0,75.966,0.634,0.9025,108208
1700661600,31.0,76.034,1.6455,2.098,108208
1700654400,31.0,76.0,1.827,2.4905,108208
1700611200,31.0,74.767,1.1885,1.5590000000000002,108208
1700647200,31.0,76.0,1.371,1.7915,108208
1701594000,36.0,79.0,0.0455,0.1225,108208
1701626400,39.1,80.0,8.641,12.0445,108208
1701630000,37.934,80.0,0.0665,0.1635,108208
1701608400,36.0,78.0,0.0025,0.02,108208
1701579600,36.0,79.966,0.5005000000000001,0.7110000000000001,108208
1701644400,40.0,81.0,0.016,0.096,108208
1701619200,38.0,79.233,0.002,0.05550000000000001,108208
1701561600,36.234,79.966,1.752,3.2865,108208
1701604800,36.0,77.8,0.004999999999999999,0.027,108208
1701576000,36.0,80.767,0.2495,0.4245,108208
1701640800,40.567,80.834,0.0255,0.184,108208
1701633600,38.0,80.0,0.0075,0.0915,108208
1701622800,38.166,79.8,3.379,4.479,108208
1701565200,36.8,79.8,0.10250000000000001,0.2925,108208
1701568800,35.567,81.0,0.0925,0.186,108208
1701637200,39.567,80.566,0.078,0.2525,108208
1701597600,36.0,79.0,0.018000000000000002,0.0495,108208
1701612000,37.2,78.0,0.0045,0.07100000000000001,108208
1701615600,38.0,78.8,0.009,0.057,108208
1701583200,36.0,79.8,0.6915,0.8415,108208
1701586800,36.0,79.0,0.5735,0.734,108208
1701601200,36.0,78.2,0.0115,0.0395,108208
1701572400,35.767,81.0,0.5720000000000001,0.8265,108208
1701590400,36.0,79.0,0.279,0.4095,108208
1701666000,38.466,79.1,0.0,0.045,108208
1701705600,37.567,81.0,0.0035,0.055,108208
1701662400,39.0,80.0,0.012,0.0765,108208
1701684000,36.666,79.0,0.0,0.0115,108208
1701655200,39.0,80.0,0.0595,0.196,108208
1701727200,32.767,79.5,0.3015,0.576,108208
1701716400,33.867,80.0,0.037,0.1195,108208
1701658800,39.0,80.0,0.0305,0.10500000000000001,108208
1701676800,37.0,78.8,0.0025,0.0195,108208
1701694800,37.5,79.966,0.0195,0.0915,108208
1701651600,39.534,80.3,0.0935,0.1955,108208
1701698400,37.0,80.566,0.0,0.0125,108208
1701673200,37.867,79.0,0.0,0.0065,108208
1701720000,31.7,79.767,1.3285,1.607,108208
1701691200,37.525,79.133,0.4185,0.6114999999999999,108208
1701723600,30.6,78.633,1.5234999999999999,1.7930000000000001,108208
1701702000,37.666,81.0,0.019,0.0995,108208
1701669600,38.0,78.367,0.0,0.0165,108208
1701709200,37.0,80.733,0.0,0.057999999999999996,108208
1701712800,35.666,80.066,0.186,0.2525,108208
1701687600,36.167,78.733,0.0,0.013,108208
1701730800,33.8,80.0,0.036500000000000005,0.2205,108208
1701648000,40.0,80.733,0.032,0.1675,108208
1701680400,37.0,78.767,0.001,0.0045000000000000005,108208
1701414000,30.0,76.834,0.08449999999999999,0.20900000000000002,108208
1701453600,30.0,77.733,0.9584999999999999,1.2915,108208
1701417600,29.6,77.0,0.041999999999999996,0.1275,108208
1701446400,30.8,78.367,0.442,0.715,108208
1701396000,28.6,78.4,0.0075,0.07700000000000001,108208
1701410400,30.0,76.8,0.175,0.33199999999999996,108208
1701457200,30.3,78.0,0.6685000000000001,0.984,108208
1701468000,33.2,78.966,5.185,8.3065,108208
1701399600,29.966,78.0,0.0285,0.1215,108208
1701442800,31.0,77.6,0.1005,0.257,108208
1701471600,32.9,79.0,0.39,0.6785,108208
1701428400,29.0,77.0,0.025500000000000002,0.078,108208
1701388800,29.666,77.8,0.017,0.2135,108208
1701421200,29.066,76.966,0.0205,0.074,108208
1701464400,31.834,78.966,0.307,0.542,108208
1701432000,29.0,76.767,0.0355,0.1045,108208
1701424800,29.066,76.8,0.006500000000000001,0.040999999999999995,108208
1701435600,30.533,76.466,0.245,0.454,108208
1701392400,29.0,78.133,0.0,0.023,108208
1701406800,30.0,77.467,0.094,0.264,108208
1701439200,31.767,77.566,0.10550000000000001,0.2625,108208
1701450000,30.0,78.534,0.8959999999999999,1.2365,108208
1701403200,30.0,77.767,0.011,0.0995,108208
1701460800,31.367,78.2,0.443,0.7,108208
1701781200,33.867,77.966,0.0815,0.20650000000000002,108208
1701748800,35.0,79.0,0.023,0.094,108208
1701770400,34.0,77.5,0.002,0.041999999999999996,108208
1701774000,33.966,77.0,0.0,0.018500000000000003,108208
1701766800,34.0,78.0,0.0095,0.036000000000000004,108208
1701806400,33.0,79.0,0.0005,0.024999999999999998,108208
1701795600,34.0,78.8,0.0475,0.1705,108208
1701784800,34.1,78.367,0.0055,0.0305,108208
1701752400,35.0,78.733,0.0165,0.0625,108208
1701738000,35.834,79.7,0.3195,0.5965,108208
1701810000,33.0,78.733,0.0015,0.0245,108208
1701799200,34.0,79.0,0.031,0.133,108208
1701741600,35.166,80.0,0.0765,0.199,108208
1701763200,34.0,78.0,0.007,0.05500000000000001,108208
1701734400,34.034,79.867,0.15050000000000002,0.312,108208
1701759600,34.0,78.0,0.0075,0.061,108208
1701745200,35.0,78.966,0.046,0.139,108208
1701792000,34.0,79.0,0.009999999999999998,0.07450000000000001,108208
1701817200,33.1,78.834,0.41300000000000003,0.6225,108208
1701813600,33.0,77.834,0.0,0.027500000000000004,108208
1701802800,33.2,78.8,0.003,0.042,108208
1701756000,34.633,78.0,0.007,0.0245,108208
1701788400,34.7,79.0,0.0,0.0185,108208
1701777600,33.733,77.4,0.0005,0.039,108208
1700938800,24.0,75.0,1.7469999999999999,2.135,108208
1700935200,24.0,74.2,1.82,2.211,108208
1700920800,24.834,74.0,1.208,1.5219999999999998,108208
1700949600,24.0,73.767,2.359,2.7905,108208
1700928000,24.0,73.966,1.704,2.019,108208
1700953200,24.0,74.0,4.053,4.7335,108208
1700899200,26.0,74.4,1.9795,2.273,108208
1700874000,27.0,76.0,5.5969999999999995,6.1419999999999995,108208
1700870400,27.0,75.767,5.9805,6.801,108208
1700906400,25.0,74.0,1.5995,1.9355,108208
1700931600,24.0,73.8,1.621,1.95,108208
1700917200,25.0,74.0,1.323,1.581,108208
1700924400,24.0,73.733,1.6115,1.9224999999999999,108208
1700942400,24.0,74.933,1.802,2.109,108208
1700888400,26.0,75.0,3.2035,3.69,108208
1700902800,25.7,73.534,1.7610000000000001,1.9780000000000002,108208
1700913600,25.0,74.0,1.435,1.6875,108208
1700892000,26.0,75.0,2.6715,3.0564999999999998,108208
1700910000,25.0,74.0,1.436,1.685,108208
1700946000,24.0,74.166,1.9135,2.2945,108208
1700877600,26.966,75.966,5.076499999999999,5.593999999999999,108208
1700884800,26.0,74.966,3.723,4.2155000000000005,108208
1700881200,26.4,75.733,4.4365000000000006,4.9265,108208
1700895600,26.0,74.966,2.375,2.724,108208
1702069200,31.034,78.133,2.2809999999999997,2.754,108208
1702011600,33.0,77.3,0.093,0.2815,108208
1702000800,32.966,79.0,0.0,0.049999999999999996,108208
1702015200,33.0,77.0,0.051,0.16299999999999998,108208
1702018800,33.0,77.0,0.08199999999999999,0.2345,108208
1702062000,31.633,77.8,0.32499999999999996,0.5265,108208
1702076400,32.133,78.966,4.0005,4.768000000000001,108208
1702065600,31.0,78.0,0.197,0.36150000000000004,108208
1702040400,33.733,77.767,0.028999999999999998,0.1405,108208
1702004400,33.0,77.966,0.009,0.078,108208
1701997200,32.466,78.7,0.0045,0.0535,108208
1702008000,33.0,77.966,0.027,0.1195,108208
1702036800,33.567,77.934,0.009,0.0945,108208
1702051200,32.2,77.1,0.41000000000000003,0.6985,108208
1702072800,32.066,78.7,11.6555,13.6655,108208
1702047600,33.0,77.367,0.5700000000000001,0.8915,108208
1702054800,31.633,77.0,0.5945,0.8565,108208
1702044000,33.3,78.0,0.182,0.2955,108208
1702058400,31.733,77.733,0.6845,0.9744999999999999,108208
1702022400,33.0,77.0,0.026500000000000003,0.0965,108208
1701993600,32.334,78.066,0.0,0.020499999999999997,108208
1702033200,33.034,77.0,0.0045000000000000005,0.0845,108208
1702026000,32.766,77.0,0.037000000000000005,0.1015,108208
1702029600,32.467,77.0,0.016,0.07350000000000001,108208
1700564400,26.0,74.0,1.7435,2.0995,108208
1700571600,26.0,73.9,1.388,1.7195,108208
1700593200,28.466,74.0,1.8639999999999999,2.3885,108208
1700596800,29.0,74.767,1.5505,2.0475,108208
1700568000,26.0,73.8,1.504,1.8305,108208
1700560800,26.0,73.966,2.2285,2.6079999999999997,108208
1700575200,26.0,73.966,1.2839999999999998,1.6484999999999999,108208
1700557200,26.0,74.0,2.6814999999999998,3.1870000000000003,108208
1700607600,30.6,74.966,1.057,1.3505,108208
1700553600,26.0,74.267,3.216,3.781,108208
1700546400,26.0,75.0,3.4715,4.0205,108208
1700604000,30.0,74.9,1.0430000000000001,1.3435000000000001,108208
1700586000,27.3,73.767,2.5295,2.988,108208
1700578800,26.2,74.0,1.893,2.2975000000000003,108208
1700582400,27.0,74.0,2.186,2.739,108208
1700589600,28.0,74.0,2.3815,2.8955,108208
1700550000,26.0,75.0,3.539,4.106,108208
1700542800,26.0,74.767,3.6625,4.199,108208
1700600400,30.0,74.566,1.315,1.6589999999999998,108208
1700838000,27.966,76.3,4.1355,4.657,108208
1700841600,27.9,77.0,4.307,4.792,108208
1700791200,28.0,76.767,3.1275,3.5555000000000003,108208
1700787600,28.0,77.0,2.217,2.4825,108208
1700856000,27.0,76.966,4.4895,4.944,108208
1700820000,28.0,75.5,3.6500000000000004,4.0035,108208
1700848800,27.0,76.934,4.359,4.8665,108208
1700845200,27.0,77.0,4.827,4.9079999999999995,108208
1700805600,28.0,76.1,3.818,4.2245,108208
1700834400,28.0,76.0,3.908,4.3695,108208
1700830800,28.0,76.0,3.944,4.5,108208
1700794800,28.0,76.767,3.838,4.276,108208
1700802000,28.0,76.633,3.992,4.5295000000000005,108208
1700809200,28.0,75.867,3.6639999999999997,4.0645,108208
1700863200,27.0,76.4,5.443,5.9755,108208
1700784000,28.0,77.0,1.8355,2.0685000000000002,108208
1700866800,27.0,76.0,6.1325,6.6745,108208
1700827200,28.0,75.767,3.9015,4.359500000000001,108208
1700823600,28.0,75.9,3.793,4.1985,108208
1700812800,28.0,75.767,3.5355,3.982,108208
1700816400,28.0,75.8,3.59,4.008,108208
1700852400,27.034,76.767,4.518,5.002,108208
1700859600,27.0,76.767,4.8735,5.397,108208
1700798400,28.0,77.0,4.0535,4.556,108208
1701529200,34.433,78.966,0.024,0.1275,108208
1701532800,34.0,79.8,0.07300000000000001,0.195,108208
1701522000,34.0,77.867,0.122,0.2585,108208
1701496800,34.0,78.0,0.385,0.488,108208
1701504000,34.0,77.9,0.192,0.3125,108208
1701525600,34.566,77.566,0.089,0.158,108208
1701489600,33.334,78.9,0.548,0.808,108208
1701500400,34.0,78.0,0.807,0.951,108208
1701507600,34.0,78.0,0.195,0.3075,108208
1701486000,33.2,78.6,0.5625,0.7825,108208
1701493200,33.334,78.0,0.2985,0.4255,108208
1701554400,34.9,79.066,0.5905,0.839,108208
1701482400,32.933,79.1,0.3795,0.5635,108208
1701518400,34.0,78.0,0.20400000000000001,0.366,108208
1701550800,34.767,78.867,0.4475,0.715,108208
1701536400,34.0,79.166,0.132,0.23,108208
1701558000,33.7,79.7,0.26949999999999996,0.44500000000000006,108208
1701514800,34.0,77.566,0.16799999999999998,0.2615,108208
1701475200,32.367,79.5,0.03,0.122,108208
1701511200,34.0,77.6,0.22199999999999998,0.3325,108208
1701540000,34.0,79.0,0.1255,0.2325,108208
1701478800,33.0,80.0,0.159,0.3275,108208
1701547200,34.0,79.0,0.3145,0.492,108208
1701543600,34.0,79.0,0.20650000000000002,0.394,108208
1701864000,33.375,77.0,0.218,0.318,108208
1701867600,34.0,77.267,0.019,0.10550000000000001,108208
1701889200,33.0,76.867,0.012,0.08449999999999999,108208
1701871200,33.867,77.767,0.054,0.1675,108208
1701878400,33.0,77.7,0.018,0.08399999999999999,108208
1701820800,35.767,78.7,0.101,0.2415,108208
1701882000,32.966,76.966,0.0465,0.1535,108208
1701903600,32.133,76.233,1.581,2.8255,108208
1701824400,35.0,79.0,0.008,0.0425,108208
1701835200,33.0,79.0,0.096,0.211,108208
1701885600,32.533,77.0,0.0375,0.11549999999999999,108208
1701846000,33.0,77.8,0.0455,0.1105,108208
1701874800,33.3,78.0,0.0745,0.22,108208
1701853200,33.0,77.8,0.0245,0.099,108208
1701838800,33.0,78.834,0.0665,0.1605,108208
1701849600,33.0,77.767,0.0315,0.08349999999999999,108208
1701892800,32.966,77.034,0.006500000000000001,0.025,108208
1701860400,33.0,76.8,0.109,0.2075,108208
1701842400,33.0,78.0,0.0165,0.0875,108208
1701856800,33.0,77.0,0.042499999999999996,0.10350000000000001,108208
1701828000,34.3,78.833,0.006500000000000001,0.072,108208
1701831600,33.966,79.0,0.0205,0.11750000000000001,108208
1701896400,32.4,77.0,0.0,0.0195,108208
1701900000,32.0,76.8,0.0045,0.018000000000000002,108208
1701367200,27.0,77.0,0.0005,0.0495,108208
1701309600,28.0,76.0,0.032,0.1285,108208
1701345600,26.0,76.1,0.0,0.036500000000000005,108208
1701374400,27.0,77.0,0.0,0.025,108208
1701363600,27.0,76.566,0.028,0.122,108208
1701349200,28.034,76.367,0.067,0.319,108208
1701338400,26.0,76.566,0.0,0.0135,108208
1701360000,27.0,75.834,0.16749999999999998,0.33799999999999997,108208
1701313200,28.0,76.0,0.0125,0.09,108208
1701331200,27.0,75.0,0.0,0.0155,108208
1701370800,27.0,76.767,0.0,0.036500000000000005,108208
1701327600,27.0,75.0,0.0,0.034499999999999996,108208
1701385200,28.134,76.567,2.3914999999999997,4.056,108208
1701378000,27.0,76.966,0.0015,0.038,108208
1701381600,26.767,76.367,0.002,0.028999999999999998,108208
1701302400,28.666,76.9,0.006999999999999999,0.1255,108208
1701356400,27.3,76.433,0.22249999999999998,0.4215,108208
1701320400,27.0,74.533,0.001,0.057,108208
1701342000,26.0,76.767,0.0,0.008,108208
1701306000,28.0,76.0,0.0765,0.3295,108208
1701324000,27.0,74.8,0.0015,0.034999999999999996,108208
1701334800,26.767,75.566,0.0,0.024,108208
1701352800,28.034,76.767,0.027499999999999997,0.172,108208
1701316800,27.5,74.8,0.008,0.082,108208
1701975600,32.667,77.8,0.005,0.0865,108208
1701921600,33.834,77.433,0.003,0.028,108208
1701936000,33.0,76.666,0.425,0.565,108208
1701932400,33.0,76.4,0.188,0.3285,108208
1701928800,33.0,77.0,0.024,0.061,108208
1701910800,34.433,78.034,0.047,0.14100000000000001,108208
1701954000,34.033,77.0,0.353,0.615,108208
1701907200,34.5,77.934,0.0045000000000000005,0.055,108208
1701982800,32.0,78.0,0.0,0.034,108208
1701957600,33.834,77.167,0.4605,0.677,108208
1701939600,33.0,76.066,0.667,0.9684999999999999,108208
1701990000,32.0,77.8,0.0015,0.0395,108208
1701943200,33.0,77.0,0.29100000000000004,0.438,108208
1701972000,33.0,77.8,0.020499999999999997,0.1195,108208
1701918000,34.0,77.5,0.003,0.0425,108208
1701979200,32.1,77.934,0.002,0.034,108208
1701946800,32.966,77.0,0.255,0.429,108208
1701914400,34.867,78.733,0.0,0.007,108208
1701961200,33.0,77.966,0.0005,0.052000000000000005,108208
1701968400,33.0,78.0,0.001,0.0515,108208
1701950400,32.0,76.558,0.373,0.5920000000000001,108208
1701964800,33.0,78.0,0.002,0.048,108208
1701925200,33.0,77.4,0.0045000000000000005,0.045,108208
1701986400,32.0,78.0,0.0025,0.033,108208
1701079200,27.0,74.0,11.498000000000001,13.4405,108208
1701061200,27.0,74.767,4.0895,4.8085,108208
1701093600,27.0,74.733,10.088000000000001,11.703,108208
1701090000,27.0,75.0,11.748000000000001,13.6905,108208
1701046800,27.0,74.767,3.8244999999999996,4.468,108208
1701050400,27.0,75.0,3.9139999999999997,4.523,108208
1701122400,25.0,75.0,3.8325,4.368,108208
1701097200,26.633,75.0,8.362,9.747,108208
1701075600,27.0,73.966,9.77,11.578,108208
1701057600,27.0,74.767,3.6265,4.121,108208
1701043200,27.0,74.966,3.3360000000000003,3.8609999999999998,108208
1701068400,27.0,74.1,6.952,8.163,108208
1701111600,26.0,74.767,5.0024999999999995,5.794499999999999,108208
1701118800,25.034,74.534,4.217499999999999,4.9015,108208
1701104400,26.0,74.966,6.0735,7.1365,108208
1701054000,27.0,74.534,3.7735,4.269,108208
1701100800,26.0,74.966,7.1145,8.34,108208
1701072000,27.0,73.966,8.3645,9.8885,108208
1701108000,26.0,75.0,5.4254999999999995,6.2595,108208
1701115200,25.2,75.0,4.5665,5.237500000000001,108208
1701086400,27.0,74.534,13.0225,15.39,108208
1701064800,27.0,74.466,5.3945,6.4205000000000005,108208
1701082800,27.0,74.0,12.7665,15.1935,108208
1701126000,25.0,74.2,3.4885,3.98,108208
1701226800,26.5,75.267,0.0015,0.061,108208
1701244800,25.666,74.934,0.0,0.027499999999999997,108208
1701252000,24.8,76.966,0.001,0.008,108208
1701216000,25.1,76.966,0.011,0.036500000000000005,108208
1701284400,27.367,76.0,0.024,0.21250000000000002,108208
1701241200,25.567,75.0,0.0,0.023,108208
1701230400,26.0,74.767,0.0025,0.04,108208
1701255600,25.0,76.966,0.0,0.013,108208
1701298800,28.433,76.6,0.035,0.1775,108208
1701237600,25.834,75.0,0.0,0.017,108208
1701266400,26.367,75.767,0.0055,0.097,108208
1701223200,26.934,75.667,0.009999999999999998,0.0955,108208
1701288000,26.733,75.466,0.009000000000000001,0.08299999999999999,108208
1701234000,26.0,74.733,0.0,0.0075,108208
1701219600,25.166,76.1,0.006,0.091,108208
1701277200,25.867,75.966,0.0,0.0545,108208
1701259200,25.1,76.0,0.0005,0.0355,108208
1701262800,25.767,75.8,0.0005,0.046,108208
1701280800,25.434,76.0,0.01,0.107,108208
1701295200,27.3,75.0,0.0325,0.251,108208
1701270000,26.0,76.0,0.002,0.0725,108208
1701291600,26.066,74.8,0.011,0.14450000000000002,108208
1701248400,25.1,74.934,0.0,0.007,108208
1701273600,26.0,76.0,0.0015,0.0535,108208
1701180000,24.0,73.934,1.6989999999999998,1.932,108208
1701198000,23.0,73.733,1.2745,1.4915,108208
1701187200,24.0,74.0,1.678,1.8365,108208
1701140400,24.966,73.567,3.3015,3.7355,108208
1701169200,24.334,73.0,2.0035,2.266,108208
1701205200,23.0,73.934,0.9450000000000001,1.1164999999999998,108208
1701183600,24.0,74.0,1.6644999999999999,1.9135,108208
1701194400,23.0,74.0,1.5625,1.7385000000000002,108208
1701144000,25.0,72.566,3.472,3.8215000000000003,108208
1701151200,25.0,73.0,3.1574999999999998,3.487,108208
1701158400,25.0,72.767,2.549,2.8035,108208
1701162000,25.0,72.6,2.3075,2.6145,108208
1701172800,24.034,73.0,1.8635000000000002,2.139,108208
1701201600,23.0,74.0,1.0525,1.2665,108208
1701147600,25.0,73.0,3.3369999999999997,3.7165,108208
1701208800,23.0,73.0,0.8325,0.9954999999999999,108208
1701165600,24.867,73.0,2.11,2.3795,108208
1701133200,24.966,73.767,3.216,3.6340000000000003,108208
1701154800,25.0,73.0,2.8875,3.1755,108208
1701212400,23.5,74.9,0.11649999999999999,0.1995,108208
1701190800,23.233,73.767,1.587,1.8605,108208
1701176400,24.0,73.0,1.71,1.94,108208
1701129600,25.0,73.767,3.214,3.581,108208
1701136800,24.966,74.0,3.2565,3.625,108208
